,k_all_indices_MOS,k_subset_indices_MOS
Noise,0.4331261332,0.5896444779
Actual,0.4518660257,0.6719341325
Simple,0.5137405820,0.6471286353
Exotic,0.3251095640,0.5084428807
New,0.4685342627,0.5561262269
Color,0.4281575761,0.5339220198
Full,0.4021025558,0.5913332737
