,w_all_indices_MOS,w_subset_indices_MOS
Noise,0.7802061562,0.9357080394
Actual,0.7985330695,0.9417695366
Simple,0.8543434722,0.9357544220
Exotic,0.5893590572,0.8726042323
New,0.7471275770,0.8199898368
Color,0.7042345044,0.7855006139
Full,0.6659451845,0.8657840907
