,p-value_all_indices_MOS,p-value_subset_indices_MOS
Noise,0.00000000000000000000,0.00000000000000000000
Actual,0.00000000000000000000,0.00000000000000000000
Simple,0.00000000000000000000,0.00000000000000000000
Exotic,0.00000000000000000000,0.00000000000000000000
New,0.00000000000000000000,0.00000000000000000000
Color,0.00000000000000000000,0.00000000000000000000
Full,0.00000000000000000000,0.00000000000000000000
